{"10": {"load": [0.0026509761810302734, 0.00139617919921875, 0.0013048648834228516, 0.00127410888671875, 0.0012669563293457031, 0.0014450550079345703, 0.001971006393432617, 0.0019369125366210938, 0.0020589828491210938, 0.0022270679473876953], "filter": [0.0008831024169921875, 0.0006570816040039062, 0.0004589557647705078, 0.00043702125549316406, 0.00043201446533203125, 0.0004379749298095703, 0.00043201446533203125, 0.0004341602325439453, 0.0004439353942871094, 0.00043201446533203125], "join": [0.0016031265258789062, 0.0013840198516845703, 0.0013589859008789062, 0.002095937728881836, 0.0015790462493896484, 0.0013580322265625, 0.0013141632080078125, 0.00131988525390625, 0.001313924789428711, 0.0013129711151123047], "select": [0.00011992454528808594, 8.106231689453125e-06, 3.814697265625e-06, 2.86102294921875e-06, 2.86102294921875e-06, 3.0994415283203125e-06, 3.0994415283203125e-06, 2.86102294921875e-06, 2.86102294921875e-06, 3.814697265625e-06], "groupby_agg": [0.0013289451599121094, 0.0011360645294189453, 0.0011310577392578125, 0.0011298656463623047, 0.0011010169982910156, 0.0012729167938232422, 0.001130819320678711, 0.001104116439819336, 0.0010800361633300781, 0.0010929107666015625]}, "10000000": {"load": [5.624156951904297, 4.463418006896973, 4.464810848236084, 4.453888893127441, 4.478966951370239, 4.457394123077393, 4.4849700927734375, 4.457687139511108, 4.470020055770874, 4.472692966461182], "filter": [0.6892850399017334, 0.660405158996582, 0.6646709442138672, 0.664578914642334, 0.6613869667053223, 0.6740570068359375, 0.6617908477783203, 0.6620869636535645, 0.6860859394073486, 0.7144498825073242], "join": [1.9551680088043213, 1.9423120021820068, 1.9376928806304932, 1.9778869152069092, 1.9754140377044678, 1.9531161785125732, 1.94675612449646, 1.9832630157470703, 1.926854133605957, 1.9362988471984863], "select": [8.606910705566406e-05, 8.821487426757812e-06, 4.0531158447265625e-06, 3.0994415283203125e-06, 3.0994415283203125e-06, 3.0994415283203125e-06, 3.0994415283203125e-06, 3.0994415283203125e-06, 2.86102294921875e-06, 2.86102294921875e-06], "groupby_agg": [0.3155019283294678, 0.30306506156921387, 0.3097209930419922, 0.31551313400268555, 0.30179905891418457, 0.3020789623260498, 0.30313801765441895, 0.3075859546661377, 0.30423402786254883, 0.3045070171356201]}, "10000": {"load": [0.007344961166381836, 0.005822896957397461, 0.005828857421875, 0.005810976028442383, 0.007235050201416016, 0.0068111419677734375, 0.005850076675415039, 0.005643129348754883, 0.005604982376098633, 0.005525112152099609], "filter": [0.0019898414611816406, 0.0010960102081298828, 0.0010530948638916016, 0.0010418891906738281, 0.0010530948638916016, 0.0010499954223632812, 0.0010411739349365234, 0.0010399818420410156, 0.0010950565338134766, 0.001085042953491211], "join": [0.0030090808868408203, 0.003122091293334961, 0.0035219192504882812, 0.002977132797241211, 0.002329111099243164, 0.0022079944610595703, 0.002104043960571289, 0.0021209716796875, 0.0023488998413085938, 0.0021932125091552734], "select": [0.0001361370086669922, 9.059906005859375e-06, 6.198883056640625e-06, 5.0067901611328125e-06, 5.0067901611328125e-06, 5.0067901611328125e-06, 5.0067901611328125e-06, 5.0067901611328125e-06, 4.0531158447265625e-06, 4.0531158447265625e-06], "groupby_agg": [0.0016179084777832031, 0.0013689994812011719, 0.0013091564178466797, 0.0012969970703125, 0.0013599395751953125, 0.001310110092163086, 0.0012998580932617188, 0.0013141632080078125, 0.0013349056243896484, 0.0013120174407958984]}, "1000000": {"load": [0.5929591655731201, 0.4521219730377197, 0.4412729740142822, 0.441608190536499, 0.44025707244873047, 0.44121408462524414, 0.44396209716796875, 0.4433557987213135, 0.45372605323791504, 0.44016313552856445], "filter": [0.0700531005859375, 0.06381583213806152, 0.06328606605529785, 0.06328582763671875, 0.06295609474182129, 0.0634620189666748, 0.06344103813171387, 0.06300997734069824, 0.06319594383239746, 0.06348109245300293], "join": [0.14930510520935059, 0.15358901023864746, 0.15328311920166016, 0.15326189994812012, 0.15325188636779785, 0.1531660556793213, 0.15341711044311523, 0.1538381576538086, 0.15344500541687012, 0.1532130241394043], "select": [0.00019979476928710938, 1.0967254638671875e-05, 5.9604644775390625e-06, 5.0067901611328125e-06, 4.0531158447265625e-06, 5.0067901611328125e-06, 5.0067901611328125e-06, 5.0067901611328125e-06, 5.0067901611328125e-06, 5.0067901611328125e-06], "groupby_agg": [0.0370631217956543, 0.024734973907470703, 0.024523019790649414, 0.02442312240600586, 0.024415969848632812, 0.02446889877319336, 0.02441096305847168, 0.024426937103271484, 0.024352073669433594, 0.024584054946899414]}, "100000": {"load": [3.28800106048584, 2.518563985824585, 2.5136678218841553, 2.5074269771575928, 2.5130040645599365, 2.502763032913208, 2.508183002471924, 2.5214121341705322, 2.510174036026001, 2.5407841205596924], "filter": [0.008114099502563477, 0.007262229919433594, 0.007225990295410156, 0.007682085037231445, 0.007470130920410156, 0.006884098052978516, 0.00683903694152832, 0.007590055465698242, 0.007959842681884766, 0.007158994674682617], "join": [2.0053250789642334, 1.997056007385254, 2.0228240489959717, 1.9949231147766113, 2.004136085510254, 1.985841989517212, 1.9926800727844238, 1.9989118576049805, 1.9884979724884033, 1.9923298358917236], "select": [0.00016999244689941406, 1.1920928955078125e-05, 6.9141387939453125e-06, 5.9604644775390625e-06, 4.76837158203125e-06, 5.0067901611328125e-06, 5.9604644775390625e-06, 5.0067901611328125e-06, 5.0067901611328125e-06, 5.0067901611328125e-06], "groupby_agg": [0.003765106201171875, 0.0035381317138671875, 0.0035970211029052734, 0.003525972366333008, 0.0035469532012939453, 0.0035250186920166016, 0.003674030303955078, 0.0035200119018554688, 0.0043201446533203125, 0.003551006317138672]}, "100": {"load": [0.0029299259185791016, 0.0016739368438720703, 0.00162506103515625, 0.0016319751739501953, 0.0016090869903564453, 0.0016558170318603516, 0.001811981201171875, 0.001734018325805664, 0.001672983169555664, 0.0016210079193115234], "filter": [0.0006070137023925781, 0.00046706199645996094, 0.0004489421844482422, 0.000453948974609375, 0.0004260540008544922, 0.00043082237243652344, 0.0004291534423828125, 0.0004260540008544922, 0.0004360675811767578, 0.0004279613494873047], "join": [0.0018029212951660156, 0.0015480518341064453, 0.0015010833740234375, 0.00152587890625, 0.0015120506286621094, 0.0015709400177001953, 0.0015189647674560547, 0.0015189647674560547, 0.0015261173248291016, 0.0021169185638427734], "select": [7.796287536621094e-05, 6.9141387939453125e-06, 4.0531158447265625e-06, 3.0994415283203125e-06, 3.0994415283203125e-06, 3.0994415283203125e-06, 1.9073486328125e-06, 2.86102294921875e-06, 2.86102294921875e-06, 2.86102294921875e-06], "groupby_agg": [0.0013298988342285156, 0.001110076904296875, 0.001260995864868164, 0.0014820098876953125, 0.0013861656188964844, 0.0012240409851074219, 0.0012960433959960938, 0.0018448829650878906, 0.0018498897552490234, 0.0012619495391845703]}, "1000": {"load": [0.3312361240386963, 0.2338399887084961, 0.233489990234375, 0.2421891689300537, 0.2433328628540039, 0.23329997062683105, 0.2310640811920166, 0.23120903968811035, 0.23482012748718262, 0.23026204109191895], "filter": [0.0024700164794921875, 0.0005631446838378906, 0.0005240440368652344, 0.0005161762237548828, 0.0005109310150146484, 0.0005068778991699219, 0.0005090236663818359, 0.0005140304565429688, 0.0005099773406982422, 0.0005209445953369141], "join": [0.18050098419189453, 0.15107989311218262, 0.13315987586975098, 0.14993500709533691, 0.1646730899810791, 0.1591169834136963, 0.15872883796691895, 0.21387982368469238, 0.21327805519104004, 0.15842819213867188], "select": [0.00012803077697753906, 7.867813110351562e-06, 5.0067901611328125e-06, 2.86102294921875e-06, 2.86102294921875e-06, 2.86102294921875e-06, 2.86102294921875e-06, 2.86102294921875e-06, 2.86102294921875e-06, 2.86102294921875e-06],