{"10": {"load": [0.0011248588562011719, 0.0006520748138427734, 0.0006110668182373047, 0.0006120204925537109, 0.0006499290466308594, 0.0006830692291259766, 0.0006299018859863281, 0.0006308555603027344, 0.0006151199340820312, 0.0006079673767089844], "filter": [0.0004949569702148438, 0.0003628730773925781, 0.00034499168395996094, 0.00034308433532714844, 0.0003418922424316406, 0.0003399848937988281, 0.00034999847412109375, 0.00034809112548828125, 0.0003380775451660156, 0.0003399848937988281], "select": [9.799003601074219e-05, 5.9604644775390625e-06, 4.0531158447265625e-06, 3.0994415283203125e-06, 2.86102294921875e-06, 1.9073486328125e-06, 3.0994415283203125e-06, 3.0994415283203125e-06, 2.86102294921875e-06, 2.86102294921875e-06], "groupby_agg": [0.0012378692626953125, 0.0010581016540527344, 0.0010728836059570312, 0.0010840892791748047, 0.0010869503021240234, 0.0010459423065185547, 0.0012161731719970703, 0.0010461807250976562, 0.0010881423950195312, 0.0010619163513183594]}, "10000000": {"load": [4.689852952957153, 3.55513596534729, 3.5494260787963867, 3.5406107902526855, 3.5490779876708984, 3.5446228981018066, 3.5382440090179443, 3.536777973175049, 3.5304548740386963, 3.5905749797821045], "filter": [0.6803390979766846, 0.6474599838256836, 0.6600329875946045, 0.6521561145782471, 0.6513118743896484, 0.6489658355712891, 0.6476001739501953, 0.6494638919830322, 0.6693518161773682, 0.6571669578552246], "select": [0.00015306472778320312, 8.821487426757812e-06, 4.0531158447265625e-06, 4.0531158447265625e-06, 3.0994415283203125e-06, 3.0994415283203125e-06, 2.86102294921875e-06, 2.86102294921875e-06, 1.9073486328125e-06, 2.86102294921875e-06], "groupby_agg": [0.3232300281524658, 0.3182511329650879, 0.31618595123291016, 0.3146810531616211, 0.3138699531555176, 0.3123338222503662, 0.314162015914917, 0.31128406524658203, 0.3110170364379883, 0.3152580261230469]}, "10000": {"load": [0.006140947341918945, 0.004545927047729492, 0.004745960235595703, 0.0045130252838134766, 0.004302024841308594, 0.004373073577880859, 0.004210233688354492, 0.004230976104736328, 0.004142045974731445, 0.0042591094970703125], "filter": [0.001132965087890625, 0.0009789466857910156, 0.0009870529174804688, 0.0010249614715576172, 0.0009708404541015625, 0.0011401176452636719, 0.0011789798736572266, 0.0012369155883789062, 0.001004934310913086, 0.0010459423065185547], "select": [7.891654968261719e-05, 7.152557373046875e-06, 3.0994415283203125e-06, 4.0531158447265625e-06, 3.0994415283203125e-06, 3.0994415283203125e-06, 2.86102294921875e-06, 2.86102294921875e-06, 1.9073486328125e-06, 3.0994415283203125e-06], "groupby_agg": [0.001522064208984375, 0.0014619827270507812, 0.0013909339904785156, 0.0013871192932128906, 0.0013151168823242188, 0.0013589859008789062, 0.0013239383697509766, 0.0013151168823242188, 0.0013279914855957031, 0.0013499259948730469]}, "1000000": {"load": [0.43402910232543945, 0.36623692512512207, 0.36578989028930664, 0.363339900970459, 0.3422110080718994, 0.341418981552124, 0.3405630588531494, 0.33901286125183105, 0.34197497367858887, 0.34735703468322754], "filter": [0.06539607048034668, 0.062283992767333984, 0.062191009521484375, 0.06212806701660156, 0.061907052993774414, 0.06215691566467285, 0.06244301795959473, 0.06205296516418457, 0.06254196166992188, 0.06297588348388672], "select": [0.0001590251922607422, 8.821487426757812e-06, 4.0531158447265625e-06, 4.0531158447265625e-06, 2.86102294921875e-06, 2.86102294921875e-06, 2.86102294921875e-06, 2.86102294921875e-06, 2.86102294921875e-06, 2.86102294921875e-06], "groupby_agg": [0.03336787223815918, 0.024786949157714844, 0.024990081787109375, 0.024613142013549805, 0.02504587173461914, 0.02671194076538086, 0.025088071823120117, 0.02473902702331543, 0.024759769439697266, 0.024632930755615234]}, "100000": {"load": [0.04579615592956543, 0.03582501411437988, 0.036212921142578125, 0.03548097610473633, 0.03536391258239746, 0.03527498245239258, 0.035601139068603516, 0.03511309623718262, 0.035576820373535156, 0.03582906723022461], "filter": [0.0069239139556884766, 0.007318019866943359, 0.006678104400634766, 0.006667137145996094, 0.006596088409423828, 0.006657838821411133, 0.006541013717651367, 0.006819963455200195, 0.006954193115234375, 0.006652116775512695], "select": [0.00013208389282226562, 6.9141387939453125e-06, 4.0531158447265625e-06, 3.0994415283203125e-06, 3.0994415283203125e-06, 3.0994415283203125e-06, 3.0994415283203125e-06, 3.0994415283203125e-06, 2.86102294921875e-06, 2.86102294921875e-06], "groupby_agg": [0.0037539005279541016, 0.003556966781616211, 0.003535032272338867, 0.003489971160888672, 0.0036590099334716797, 0.003564119338989258, 0.003612041473388672, 0.003545045852661133, 0.003587007522583008, 0.003592967987060547]}, "100": {"load": [0.0011649131774902344, 0.0006821155548095703, 0.0006620883941650391, 0.0006489753723144531, 0.0007112026214599609, 0.0007228851318359375, 0.0006690025329589844, 0.0006539821624755859, 0.0006468296051025391, 0.0006411075592041016], "filter": [0.0004899501800537109, 0.0003750324249267578, 0.0003612041473388672, 0.00034999847412109375, 0.00034999847412109375, 0.0003478527069091797, 0.0003509521484375, 0.0003821849822998047, 0.0005128383636474609, 0.0005559921264648438], "select": [7.390975952148438e-05, 6.9141387939453125e-06, 4.0531158447265625e-06, 3.0994415283203125e-06, 3.0994415283203125e-06, 3.0994415283203125e-06, 2.86102294921875e-06, 2.86102294921875e-06, 2.86102294921875e-06, 3.0994415283203125e-06], "groupby_agg": [0.0013899803161621094, 0.0010759830474853516, 0.0010941028594970703, 0.0011029243469238281, 0.0010528564453125, 0.0010328292846679688, 0.001026153564453125, 0.0010628700256347656, 0.0010440349578857422, 0.0010900497436523438]}, "1000": {"load": [0.002056121826171875, 0.0010848045349121094, 0.0009829998016357422, 0.0009670257568359375, 0.0009961128234863281, 0.000988006591796875, 0.0009670257568359375, 0.00096893310546875, 0.0009779930114746094, 0.0009698867797851562], "filter": [0.0005731582641601562, 0.0004718303680419922, 0.0005469322204589844, 0.0004420280456542969, 0.0004379749298095703, 0.0005011558532714844, 0.0004181861877441406, 0.00041604042053222656, 0.0004119873046875, 0.0004150867462158203], "select": [7.700920104980469e-05, 5.9604644775390625e-06, 4.0531158447265625e-06, 4.0531158447265625e-06, 2.86102294921875e-06, 2.86102294921875e-06, 2.86102294921875e-06, 1.9073486328125e-06, 3.0994415283203125e-06, 3.0994415283203125e-06], "groupby_agg": [0.0012710094451904297, 0.0011518001556396484, 0.0011751651763916016, 0.0010800361633300781, 0.0010600090026855469, 0.0011339187622070312, 0.0010890960693359375, 0.0011479854583740234, 0.0011630058288574219, 0.0010819435119628906]}}