{"10": {"load": [0.0026869773864746094, 0.0021638870239257812, 0.0014719963073730469, 0.0013439655303955078, 0.0013120174407958984, 0.0013108253479003906, 0.0012960433959960938, 0.0012941360473632812, 0.001302957534790039, 0.0013489723205566406], "filter": [0.0006189346313476562, 0.00045108795166015625, 0.00043082237243652344, 0.00045013427734375, 0.00042700767517089844, 0.00042819976806640625, 0.0004239082336425781, 0.0004239082336425781, 0.0004241466522216797, 0.0004239082336425781], "join": [0.0015769004821777344, 0.0014090538024902344, 0.0013599395751953125, 0.0013179779052734375, 0.0012700557708740234, 0.001271963119506836, 0.001399993896484375, 0.0019159317016601562, 0.0016841888427734375, 0.0013589859008789062], "select": [8.082389831542969e-05, 5.9604644775390625e-06, 2.86102294921875e-06, 2.86102294921875e-06, 2.86102294921875e-06, 2.86102294921875e-06, 2.86102294921875e-06, 1.9073486328125e-06, 3.0994415283203125e-06, 3.0994415283203125e-06], "groupby_agg": [0.0012960433959960938, 0.0011301040649414062, 0.001096963882446289, 0.001088857650756836, 0.0011000633239746094, 0.0010941028594970703, 0.0011148452758789062, 0.0010690689086914062, 0.0010690689086914062, 0.0010499954223632812]}, "10000000": {"load": [9.002243041992188, 7.550019979476929, 7.001534938812256, 6.989590167999268, 6.9741809368133545, 6.980280876159668, 6.994297981262207, 7.006584882736206, 6.99158787727356, 6.979961156845093], "filter": [0.7105000019073486, 0.658728837966919, 0.6562731266021729, 0.6543951034545898, 0.6575210094451904, 0.6585299968719482, 0.6556100845336914, 0.6566829681396484, 0.6589040756225586, 0.6573681831359863], "join": [3.831193208694458, 3.8261659145355225, 3.8151681423187256, 3.8108341693878174, 3.8268918991088867, 3.8012349605560303, 3.8045220375061035, 3.803222894668579, 3.8172531127929688, 3.8158349990844727], "select": [0.00018310546875, 1.0967254638671875e-05, 7.152557373046875e-06, 5.0067901611328125e-06, 4.0531158447265625e-06, 5.0067901611328125e-06, 5.0067901611328125e-06, 5.9604644775390625e-06, 5.0067901611328125e-06, 5.0067901611328125e-06], "groupby_agg": [0.32248401641845703, 0.30710291862487793, 0.3017618656158447, 0.3015890121459961, 0.30512499809265137, 0.30455493927001953, 0.3012361526489258, 0.3037691116333008, 0.3016989231109619, 0.30278992652893066]}, "10000": {"load": [0.01058197021484375, 0.008869171142578125, 0.008102893829345703, 0.008133888244628906, 0.00799703598022461, 0.007997989654541016, 0.008224964141845703, 0.007827043533325195, 0.008144855499267578, 0.007920980453491211], "filter": [0.001986980438232422, 0.001299142837524414, 0.0020151138305664062, 0.0019559860229492188, 0.0019960403442382812, 0.0016138553619384766, 0.0011467933654785156, 0.0010700225830078125, 0.0010960102081298828, 0.0010409355163574219], "join": [0.004237174987792969, 0.0033960342407226562, 0.0029299259185791016, 0.0028619766235351562, 0.002850055694580078, 0.0028421878814697266, 0.002969026565551758, 0.0034148693084716797, 0.002849102020263672, 0.0028901100158691406], "select": [0.00013303756713867188, 9.059906005859375e-06, 7.152557373046875e-06, 5.0067901611328125e-06, 5.9604644775390625e-06, 4.76837158203125e-06, 5.0067901611328125e-06, 5.0067901611328125e-06, 5.0067901611328125e-06, 5.0067901611328125e-06], "groupby_agg": [0.0015270709991455078, 0.0013060569763183594, 0.0013439655303955078, 0.0012850761413574219, 0.001275777816772461, 0.0013508796691894531, 0.0013408660888671875, 0.0013971328735351562, 0.0016350746154785156, 0.0018529891967773438]}, "1000000": {"load": [0.8140950202941895, 0.6565110683441162, 0.6527478694915771, 0.6447038650512695, 0.6538028717041016, 0.6493320465087891, 0.6461238861083984, 0.651709794998169, 0.6459159851074219, 0.6478588581085205], "filter": [0.06574606895446777, 0.06321382522583008, 0.06277799606323242, 0.0629429817199707, 0.06312108039855957, 0.06280398368835449, 0.06446194648742676, 0.06268095970153809, 0.06298494338989258, 0.06306695938110352], "join": [0.24719595909118652, 0.24814200401306152, 0.253464937210083, 0.2477130889892578, 0.2472999095916748, 0.24861478805541992, 0.2521250247955322, 0.24793505668640137, 0.24771785736083984, 0.24827909469604492], "select": [0.00013709068298339844, 1.0013580322265625e-05, 6.9141387939453125e-06, 5.0067901611328125e-06, 5.0067901611328125e-06, 5.0067901611328125e-06, 4.0531158447265625e-06, 5.0067901611328125e-06, 4.0531158447265625e-06, 5.0067901611328125e-06], "groupby_agg": [0.025650978088378906, 0.024633169174194336, 0.024509906768798828, 0.02492499351501465, 0.024602174758911133, 0.02503800392150879, 0.024569034576416016, 0.025063037872314453, 0.024644851684570312, 0.024641990661621094]}, "100000": {"load": [0.08061099052429199, 0.06760311126708984, 0.06711292266845703, 0.06710577011108398, 0.06624603271484375, 0.06652402877807617, 0.06644988059997559, 0.06702804565429688, 0.06678509712219238, 0.06711101531982422], "filter": [0.007544040679931641, 0.0066950321197509766, 0.006769895553588867, 0.006691932678222656, 0.00669407844543457, 0.006642818450927734, 0.006653785705566406, 0.0074710845947265625, 0.006710052490234375, 0.0066950321197509766], "join": [0.01746201515197754, 0.02038097381591797, 0.01863408088684082, 0.018017053604125977, 0.01790904998779297, 0.017947912216186523, 0.01789093017578125, 0.01784801483154297, 0.01771092414855957, 0.01751995086669922], "select": [0.00013685226440429688, 1.0013580322265625e-05, 5.9604644775390625e-06, 5.0067901611328125e-06, 5.0067901611328125e-06, 5.0067901611328125e-06, 4.0531158447265625e-06, 5.0067901611328125e-06, 5.0067901611328125e-06, 5.0067901611328125e-06], "groupby_agg": [0.003737926483154297, 0.003484964370727539, 0.003462076187133789, 0.0034780502319335938, 0.0036690235137939453, 0.003506898880004883, 0.0034902095794677734, 0.0034449100494384766, 0.0034630298614501953, 0.0043680667877197266]}, "100": {"load": [0.0018930435180664062, 0.0013949871063232422, 0.0013120174407958984, 0.001310110092163086, 0.0013039112091064453, 0.0013098716735839844, 0.001283884048461914, 0.0013501644134521484, 0.0013070106506347656, 0.001336812973022461], "filter": [0.0006089210510253906, 0.0005259513854980469, 0.0005919933319091797, 0.0004839897155761719, 0.00048279762268066406, 0.000682830810546875, 0.0006880760192871094, 0.0007240772247314453, 0.0007481575012207031, 0.0007178783416748047], "join": [0.0017001628875732422, 0.0014340877532958984, 0.0014410018920898438, 0.0015859603881835938, 0.0022509098052978516, 0.0015690326690673828, 0.0014309883117675781, 0.0014009475708007812, 0.0015988349914550781, 0.0019390583038330078], "select": [0.00011205673217773438, 6.9141387939453125e-06, 2.86102294921875e-06, 2.86102294921875e-06, 2.86102294921875e-06, 3.0994415283203125e-06, 3.0994415283203125e-06, 3.0994415283203125e-06, 3.0994415283203125e-06, 3.0994415283203125e-06], "groupby_agg": [0.0019390583038330078, 0.0015430450439453125, 0.0011539459228515625, 0.0011119842529296875, 0.0011048316955566406, 0.001107931137084961, 0.001096963882446289, 0.0010950565338134766, 0.0011229515075683594, 0.0011091232299804688]}, "1000": {"load": [0.0030739307403564453, 0.0020530223846435547, 0.002029895782470703, 0.0019099712371826172, 0.002022981643676758, 0.0019490718841552734, 0.0019960403442382812, 0.002003908157348633, 0.0019419193267822266, 0.0019030570983886719], "filter": [0.0007250308990478516, 0.0005040168762207031, 0.00047707557678222656, 0.0004718303680419922, 0.00047206878662109375, 0.00047087669372558594, 0.00047516822814941406, 0.00047087669372558594, 0.0004839897155761719, 0.00047397613525390625], "join": [0.002526998519897461, 0.0016131401062011719, 0.002251863479614258, 0.0016047954559326172, 0.0014979839324951172, 0.0014719963073730469, 0.0014908313751220703, 0.001547098159790039, 0.0014748573303222656, 0.0016248226165771484],