{"10": {"load": [0.0016429424285888672, 0.0008070468902587891, 0.0010540485382080078, 0.0010700225830078125, 0.0011000633239746094, 0.0010020732879638672, 0.0007832050323486328, 0.0006659030914306641, 0.0006568431854248047, 0.0006461143493652344], "filter": [0.0004949569702148438, 0.00038504600524902344, 0.00037217140197753906, 0.00038313865661621094, 0.00037407875061035156, 0.00036787986755371094, 0.0003681182861328125, 0.0003819465637207031, 0.00039315223693847656, 0.0003688335418701172], "select": [8.797645568847656e-05, 6.9141387939453125e-06, 4.0531158447265625e-06, 2.86102294921875e-06, 2.86102294921875e-06, 3.0994415283203125e-06, 3.0994415283203125e-06, 3.0994415283203125e-06, 3.0994415283203125e-06, 3.0994415283203125e-06], "groupby_agg": [0.0012750625610351562, 0.001135110855102539, 0.0011420249938964844, 0.00115203857421875, 0.0011260509490966797, 0.0011382102966308594, 0.001255035400390625, 0.001291036605834961, 0.0013949871063232422, 0.0011441707611083984]}, "10000000": {"load": [5.751469135284424, 3.5194358825683594, 3.504699945449829, 3.501274824142456, 3.510335922241211, 3.502887010574341, 3.51214599609375, 3.50700306892395, 3.524013042449951, 3.517411947250366], "filter": [0.6623570919036865, 0.634429931640625, 0.6385979652404785, 0.6378271579742432, 0.6381499767303467, 0.6363890171051025, 0.6362311840057373, 0.636437177658081, 0.6367859840393066, 0.6360859870910645], "select": [0.00013399124145507812, 7.867813110351562e-06, 4.0531158447265625e-06, 3.0994415283203125e-06, 3.0994415283203125e-06, 3.0994415283203125e-06, 4.0531158447265625e-06, 3.0994415283203125e-06, 3.0994415283203125e-06, 3.0994415283203125e-06], "groupby_agg": [0.30854201316833496, 0.3021848201751709, 0.3017890453338623, 0.30202698707580566, 0.3025398254394531, 0.3030819892883301, 0.30222296714782715, 0.3030409812927246, 0.3029301166534424, 0.3025970458984375]}, "10000": {"load": [0.0064699649810791016, 0.004472970962524414, 0.005122184753417969, 0.004388093948364258, 0.004312992095947266, 0.004982948303222656, 0.0049932003021240234, 0.0050449371337890625, 0.004575967788696289, 0.0045320987701416016], "filter": [0.0012500286102294922, 0.0010628700256347656, 0.001194000244140625, 0.0011119842529296875, 0.0010437965393066406, 0.0010459423065185547, 0.0010199546813964844, 0.001013040542602539, 0.0010068416595458984, 0.0012230873107910156], "select": [8.106231689453125e-05, 6.9141387939453125e-06, 4.0531158447265625e-06, 2.86102294921875e-06, 2.86102294921875e-06, 2.86102294921875e-06, 2.86102294921875e-06, 2.86102294921875e-06, 2.86102294921875e-06, 1.9073486328125e-06], "groupby_agg": [0.002765178680419922, 0.0018699169158935547, 0.0015590190887451172, 0.0017080307006835938, 0.0022521018981933594, 0.0019459724426269531, 0.0014760494232177734, 0.0013949871063232422, 0.0014138221740722656, 0.0013952255249023438]}, "1000000": {"load": [0.5589990615844727, 0.37444019317626953, 0.37094998359680176, 0.354917049407959, 0.34143781661987305, 0.3393971920013428, 0.33611392974853516, 0.33778905868530273, 0.33880090713500977, 1.0686421394348145], "filter": [0.07624697685241699, 0.06750202178955078, 0.06710004806518555, 0.06609010696411133, 0.06540799140930176, 0.06511211395263672, 0.06611800193786621, 0.07085299491882324, 0.06517505645751953, 0.061582088470458984], "select": [0.00016117095947265625, 1.0013580322265625e-05, 6.9141387939453125e-06, 2.86102294921875e-06, 4.0531158447265625e-06, 3.0994415283203125e-06, 3.0994415283203125e-06, 3.0994415283203125e-06, 3.0994415283203125e-06, 3.0994415283203125e-06], "groupby_agg": [0.03736686706542969, 0.025269031524658203, 0.024920940399169922, 0.025135040283203125, 0.02448582649230957, 0.024592876434326172, 0.024576187133789062, 0.024528980255126953, 0.024440765380859375, 0.024445056915283203]}, "100000": {"load": [0.05701589584350586, 0.03635692596435547, 0.036161184310913086, 0.03484010696411133, 0.035221099853515625, 0.03518486022949219, 0.0351409912109375, 0.0350489616394043, 0.03539609909057617, 0.0357358455657959], "filter": [0.006918907165527344, 0.0072329044342041016, 0.006506919860839844, 0.006833791732788086, 0.007763862609863281, 0.006635189056396484, 0.006424903869628906, 0.00668787956237793, 0.008239984512329102, 0.006880998611450195], "select": [0.0001308917999267578, 8.106231689453125e-06, 3.0994415283203125e-06, 3.0994415283203125e-06, 3.0994415283203125e-06, 3.0994415283203125e-06, 2.1457672119140625e-06, 3.0994415283203125e-06, 1.9073486328125e-06, 2.86102294921875e-06], "groupby_agg": [0.003906965255737305, 0.0036330223083496094, 0.003515958786010742, 0.003503084182739258, 0.0034890174865722656, 0.0038208961486816406, 0.0035881996154785156, 0.003557920455932617, 0.003671884536743164, 0.0037300586700439453]}, "100": {"load": [0.0017011165618896484, 0.0007588863372802734, 0.0006868839263916016, 0.0006940364837646484, 0.0006840229034423828, 0.0006759166717529297, 0.0006639957427978516, 0.0006628036499023438, 0.0008292198181152344, 0.0009889602661132812], "filter": [0.0005090236663818359, 0.0003948211669921875, 0.00036597251892089844, 0.00036406517028808594, 0.0003631114959716797, 0.00037288665771484375, 0.00040602684020996094, 0.0003960132598876953, 0.0003731250762939453, 0.00034880638122558594], "select": [9.393692016601562e-05, 5.9604644775390625e-06, 4.0531158447265625e-06, 3.0994415283203125e-06, 2.86102294921875e-06, 2.86102294921875e-06, 2.86102294921875e-06, 1.9073486328125e-06, 2.86102294921875e-06, 2.86102294921875e-06], "groupby_agg": [0.0012710094451904297, 0.0010581016540527344, 0.001096963882446289, 0.0010449886322021484, 0.0010449886322021484, 0.0010399818420410156, 0.0011320114135742188, 0.0010509490966796875, 0.0010428428649902344, 0.0020270347595214844]}, "1000": {"load": [0.004233837127685547, 0.002875089645385742, 0.002246856689453125, 0.002084016799926758, 0.0016951560974121094, 0.0017409324645996094, 0.001611948013305664, 0.0014438629150390625, 0.0014009475708007812, 0.0013849735260009766], "filter": [0.0006890296936035156, 0.0005369186401367188, 0.0005011558532714844, 0.0005300045013427734, 0.0005130767822265625, 0.0004999637603759766, 0.0005190372467041016, 0.0005080699920654297, 0.0005409717559814453, 0.0005340576171875], "select": [0.00010514259338378906, 6.9141387939453125e-06, 3.814697265625e-06, 4.0531158447265625e-06, 3.0994415283203125e-06, 3.0994415283203125e-06, 4.0531158447265625e-06, 4.0531158447265625e-06, 3.0994415283203125e-06, 4.0531158447265625e-06], "groupby_agg": [0.0013761520385742188, 0.0012311935424804688, 0.0011718273162841797, 0.0011508464813232422, 0.0011551380157470703, 0.0011398792266845703, 0.0011050701141357422, 0.0011069774627685547, 0.0014290809631347656, 0.0011570453643798828]}}