{"10": {"load": [0.0010290145874023438, 0.0006558895111083984, 0.00061798095703125, 0.0006330013275146484, 0.0006170272827148438, 0.0006110668182373047, 0.00080108642578125, 0.0007941722869873047, 0.0007929801940917969, 0.0007839202880859375], "filter": [0.0005919933319091797, 0.0006210803985595703, 0.0005950927734375, 0.0006198883056640625, 0.00039887428283691406, 0.0003750324249267578, 0.0003631114959716797, 0.0003669261932373047, 0.0003628730773925781, 0.00036406517028808594], "select": [8.487701416015625e-05, 6.9141387939453125e-06, 4.0531158447265625e-06, 4.0531158447265625e-06, 2.86102294921875e-06, 2.86102294921875e-06, 2.86102294921875e-06, 3.0994415283203125e-06, 3.0994415283203125e-06, 3.0994415283203125e-06], "groupby_agg": [0.0012879371643066406, 0.0011279582977294922, 0.0011141300201416016, 0.0011019706726074219, 0.0011060237884521484, 0.0010759830474853516, 0.0011780261993408203, 0.0010440349578857422, 0.0011110305786132812, 0.0011548995971679688]}, "10000000": {"load": [4.3311591148376465, 3.5162980556488037, 3.6187870502471924, 3.500264883041382, 3.4897191524505615, 3.491528034210205, 3.490433931350708, 3.4832499027252197, 3.4825968742370605, 3.4901998043060303], "filter": [0.6550009250640869, 0.6246151924133301, 0.6320710182189941, 0.6323139667510986, 0.6324458122253418, 0.631767988204956, 0.6341710090637207, 0.6316850185394287, 0.6372640132904053, 0.6400759220123291], "select": [0.0001609325408935547, 8.106231689453125e-06, 4.0531158447265625e-06, 3.0994415283203125e-06, 3.0994415283203125e-06, 3.0994415283203125e-06, 3.0994415283203125e-06, 2.1457672119140625e-06, 3.0994415283203125e-06, 3.0994415283203125e-06], "groupby_agg": [0.30862998962402344, 0.3006401062011719, 0.30013203620910645, 0.30098795890808105, 0.3006410598754883, 0.3017408847808838, 0.30158209800720215, 0.30761098861694336, 0.3140130043029785, 0.370621919631958]}, "10000": {"load": [0.006545066833496094, 0.004436016082763672, 0.0046160221099853516, 0.004372835159301758, 0.004282951354980469, 0.0045130252838134766, 0.004735231399536133, 0.004343986511230469, 0.0040819644927978516, 0.004302024841308594], "filter": [0.0011057853698730469, 0.0009818077087402344, 0.0009620189666748047, 0.0009579658508300781, 0.0009560585021972656, 0.0010612010955810547, 0.0011539459228515625, 0.0010051727294921875, 0.0009748935699462891, 0.00096893310546875], "select": [7.915496826171875e-05, 6.198883056640625e-06, 3.0994415283203125e-06, 3.0994415283203125e-06, 3.0994415283203125e-06, 3.0994415283203125e-06, 3.0994415283203125e-06, 2.86102294921875e-06, 3.0994415283203125e-06, 3.0994415283203125e-06], "groupby_agg": [0.0014929771423339844, 0.0013689994812011719, 0.0016739368438720703, 0.0016009807586669922, 0.0018930435180664062, 0.001809835433959961, 0.0014328956604003906, 0.0014030933380126953, 0.001386880874633789, 0.0013740062713623047]}, "1000000": {"load": [0.43981289863586426, 0.3696279525756836, 0.36063098907470703, 0.3670830726623535, 0.34931015968322754, 0.37168288230895996, 0.34810805320739746, 0.34198594093322754, 0.3363790512084961, 0.347898006439209], "filter": [0.06784915924072266, 0.06120181083679199, 0.06123518943786621, 0.06096601486206055, 0.06116914749145508, 0.06130504608154297, 0.06103086471557617, 0.06105804443359375, 0.06097984313964844, 0.06116008758544922], "select": [0.00014591217041015625, 6.9141387939453125e-06, 4.0531158447265625e-06, 3.0994415283203125e-06, 3.0994415283203125e-06, 4.0531158447265625e-06, 3.0994415283203125e-06, 2.86102294921875e-06, 2.86102294921875e-06, 2.86102294921875e-06], "groupby_agg": [0.031136035919189453, 0.02508687973022461, 0.02479100227355957, 0.024780988693237305, 0.02569413185119629, 0.02473902702331543, 0.024495840072631836, 0.024783849716186523, 0.024447917938232422, 0.024456024169921875]}, "100000": {"load": [0.04465007781982422, 0.035613059997558594, 0.0361180305480957, 0.03499913215637207, 0.03478813171386719, 0.03505277633666992, 0.03485894203186035, 0.03492116928100586, 0.035282135009765625, 0.0354762077331543], "filter": [0.006794929504394531, 0.006666898727416992, 0.0064618587493896484, 0.006478786468505859, 0.006999015808105469, 0.006567955017089844, 0.006453037261962891, 0.0067942142486572266, 0.006791114807128906, 0.008099079132080078], "select": [0.00013589859008789062, 7.867813110351562e-06, 2.86102294921875e-06, 2.86102294921875e-06, 2.86102294921875e-06, 2.86102294921875e-06, 2.86102294921875e-06, 2.86102294921875e-06, 3.0994415283203125e-06, 3.0994415283203125e-06], "groupby_agg": [0.0037641525268554688, 0.0035409927368164062, 0.0035200119018554688, 0.003635883331298828, 0.0035238265991210938, 0.003503084182739258, 0.0035750865936279297, 0.0034880638122558594, 0.003504037857055664, 0.003567934036254883]}, "100": {"load": [0.0012390613555908203, 0.0007321834564208984, 0.0006618499755859375, 0.0006480216979980469, 0.0006461143493652344, 0.0006430149078369141, 0.0006918907165527344, 0.0006530284881591797, 0.0006480216979980469, 0.0006430149078369141], "filter": [0.0005230903625488281, 0.0003669261932373047, 0.0003521442413330078, 0.00040984153747558594, 0.0003521442413330078, 0.0003509521484375, 0.0003478527069091797, 0.00034809112548828125, 0.0003840923309326172, 0.0004069805145263672], "select": [0.0001049041748046875, 5.9604644775390625e-06, 3.0994415283203125e-06, 3.0994415283203125e-06, 3.0994415283203125e-06, 3.0994415283203125e-06, 3.0994415283203125e-06, 1.9073486328125e-06, 2.86102294921875e-06, 1.9073486328125e-06], "groupby_agg": [0.0013208389282226562, 0.001129150390625, 0.0011048316955566406, 0.0010380744934082031, 0.0010581016540527344, 0.0010328292846679688, 0.0010311603546142578, 0.0010340213775634766, 0.0010750293731689453, 0.0010709762573242188]}, "1000": {"load": [0.0017108917236328125, 0.0010938644409179688, 0.001110076904296875, 0.0010941028594970703, 0.0010690689086914062, 0.0010950565338134766, 0.0010991096496582031, 0.0010838508605957031, 0.001033782958984375, 0.001033782958984375], "filter": [0.0006010532379150391, 0.0004761219024658203, 0.0004470348358154297, 0.00045680999755859375, 0.0004329681396484375, 0.0004291534423828125, 0.0004279613494873047, 0.0004258155822753906, 0.00042700767517089844, 0.0004341602325439453], "select": [0.0001270771026611328, 6.9141387939453125e-06, 2.86102294921875e-06, 3.814697265625e-06, 3.0994415283203125e-06, 3.0994415283203125e-06, 2.1457672119140625e-06, 3.0994415283203125e-06, 3.0994415283203125e-06, 3.0994415283203125e-06], "groupby_agg": [0.0013010501861572266, 0.0011639595031738281, 0.001110076904296875, 0.0014529228210449219, 0.0017750263214111328, 0.001428842544555664, 0.0011692047119140625, 0.001149892807006836, 0.001146078109741211, 0.0011599063873291016]}}