{"10": {"load": [0.006875038146972656, 0.010977029800415039, 0.004261970520019531, 0.00456690788269043, 0.008501052856445312, 0.009505987167358398, 0.007376909255981445, 0.004557132720947266, 0.004502058029174805, 0.004541873931884766], "filter": [0.00026297569274902344, 0.00012803077697753906, 0.00011301040649414062, 9.608268737792969e-05, 9.298324584960938e-05, 9.393692016601562e-05, 0.00010704994201660156, 9.703636169433594e-05, 9.179115295410156e-05, 9.298324584960938e-05], "join": [0.0005030632019042969, 0.00035500526428222656, 0.00037097930908203125, 0.0003108978271484375, 0.0003819465637207031, 0.0003459453582763672, 0.000308990478515625, 0.0003330707550048828, 0.0003178119659423828, 0.0003199577331542969], "select": [0.0002110004425048828, 9.512901306152344e-05, 7.700920104980469e-05, 0.0002760887145996094, 8.20159912109375e-05, 8.106231689453125e-05, 7.796287536621094e-05, 7.915496826171875e-05, 7.605552673339844e-05, 7.677078247070312e-05], "groupby_agg": [0.0006539821624755859, 0.00023317337036132812, 0.0002028942108154297, 0.0001728534698486328, 0.00016188621520996094, 0.00015497207641601562, 0.00015091896057128906, 0.00016880035400390625, 0.00014901161193847656, 0.0001430511474609375]}, "10000000": {"load": [12.458717107772827, 27.87923288345337, 27.951094150543213, 27.80780792236328, 34.40848994255066, 41.4228880405426, 43.69757294654846, 38.04185605049133, 37.741013050079346, 39.173709869384766], "filter": [12.478776931762695, 12.33142900466919, 12.490174055099487, 13.185281991958618, 12.198909997940063, 13.045231819152832, 12.76583981513977, 12.422088146209717, 12.29500412940979, 12.24799394607544], "join": [22.204082012176514, 22.14142417907715, 21.94193696975708, 21.782680988311768, 21.160096883773804, 21.71460509300232, 21.781720876693726, 21.99930691719055, 22.679949045181274, 22.094592094421387], "select": [13.772144079208374, 13.512449026107788, 13.459985971450806, 13.370246887207031, 13.397773027420044, 13.280236959457397, 13.482326984405518, 13.31699800491333, 13.26863718032837, 13.243159055709839], "groupby_agg": [13.364338874816895, 13.42855191230774, 13.5522620677948, 13.492627143859863, 13.359718084335327, 13.351242065429688, 13.623531103134155, 13.531155109405518, 13.272854089736938, 13.223696947097778]}, "10000": {"load": [0.03148698806762695, 0.0372159481048584, 0.032148122787475586, 0.03966212272644043, 0.04384589195251465, 0.03972601890563965, 0.04169511795043945, 0.04358386993408203, 0.04200887680053711, 0.07322311401367188], "filter": [0.010689973831176758, 0.0049741268157958984, 0.004553079605102539, 0.005507946014404297, 0.006222963333129883, 0.0046041011810302734, 0.0057489871978759766, 0.006799936294555664, 0.00481104850769043, 0.004480838775634766], "join": [0.00902700424194336, 0.006457090377807617, 0.006367206573486328, 0.008033990859985352, 0.008099079132080078, 0.006626129150390625, 0.008354902267456055, 0.007919073104858398, 0.007546901702880859, 0.008143901824951172], "select": [0.007037162780761719, 0.008839845657348633, 0.00821995735168457, 0.007134199142456055, 0.006053924560546875, 0.005316019058227539, 0.007150173187255859, 0.00608515739440918, 0.007169961929321289, 0.008420944213867188], "groupby_agg": [0.017089128494262695, 0.008803844451904297, 0.008903026580810547, 0.008577108383178711, 0.0064849853515625, 0.007313966751098633, 0.00870203971862793, 0.006386995315551758, 0.005551815032958984, 0.008626937866210938]}, "1000000": {"load": [1.7562949657440186, 3.175694227218628, 3.579662799835205, 3.42008900642395, 3.4531259536743164, 3.6194889545440674, 3.8806920051574707, 3.7779619693756104, 3.6091830730438232, 3.154075860977173], "filter": [0.7584660053253174, 0.6320481300354004, 0.5980708599090576, 0.4567887783050537, 0.45537400245666504, 0.4513709545135498, 0.44970202445983887, 0.45067501068115234, 0.45133209228515625, 0.4520251750946045], "join": [1.1112158298492432, 1.1093120574951172, 1.190403938293457, 1.0988171100616455, 1.086103916168213, 1.1212081909179688, 1.0917689800262451, 1.1417391300201416, 1.166175127029419, 1.1450581550598145], "select": [0.5969719886779785, 0.5428769588470459, 0.8013839721679688, 0.7788729667663574, 0.8357539176940918, 0.8276710510253906, 0.8447668552398682, 0.8696720600128174, 0.856726884841919, 0.904170036315918], "groupby_agg": [0.5552308559417725, 0.5653009414672852, 0.5628020763397217, 0.5584831237792969, 0.7007920742034912, 0.6313638687133789, 0.625424861907959, 0.6480810642242432, 0.5964131355285645, 0.5562548637390137]}, "100000": {"load": [6.771345853805542, 22.355665922164917, 20.924712896347046, 27.711677074432373, 31.205877780914307, 28.61341118812561, 31.38874101638794, 30.277745008468628, 31.59287691116333, 34.73340702056885], "filter": [0.0813601016998291, 0.06075000762939453, 0.05925798416137695, 0.05234408378601074, 0.05032706260681152, 0.04769611358642578, 0.04844498634338379, 0.04671311378479004, 0.04777097702026367, 0.04981708526611328], "join": [20.93554997444153, 25.556069135665894, 24.77753210067749, 23.726362943649292, 23.62129783630371, 23.075212001800537, 22.424745082855225, 23.46421217918396, 20.772284984588623, 20.418678045272827], "select": [0.15712499618530273, 0.06403708457946777, 0.06065702438354492, 0.06022191047668457, 0.06282186508178711, 0.06051993370056152, 0.05995583534240723, 0.06047415733337402, 0.0602869987487793, 0.06204986572265625], "groupby_agg": [0.0924367904663086, 0.061174869537353516, 0.06347513198852539, 0.06097602844238281, 0.0656280517578125, 0.07192492485046387, 0.05702686309814453, 0.062030792236328125, 0.06173992156982422, 0.05957603454589844]}, "100": {"load": [0.004904985427856445, 0.006632804870605469, 0.006862163543701172, 0.0058460235595703125, 0.008990764617919922, 0.006732940673828125, 0.006269931793212891, 0.00605320930480957, 0.006078958511352539, 0.006738901138305664], "filter": [0.0003299713134765625, 0.00010585784912109375, 9.608268737792969e-05, 9.012222290039062e-05, 8.916854858398438e-05, 0.00012993812561035156, 9.584426879882812e-05, 8.893013000488281e-05, 8.797645568847656e-05, 8.797645568847656e-05], "join": [0.0009000301361083984, 0.0008099079132080078, 0.0007271766662597656, 0.0007221698760986328, 0.000720977783203125, 0.0007309913635253906, 0.0007278919219970703, 0.0007169246673583984, 0.0007178783416748047, 0.0007259845733642578], "select": [0.00021696090698242188, 0.00013184547424316406, 0.00010204315185546875, 9.799003601074219e-05, 9.489059448242188e-05, 8.988380432128906e-05, 9.703636169433594e-05, 8.797645568847656e-05, 8.702278137207031e-05, 8.702278137207031e-05], "groupby_agg": [0.0005090236663818359, 0.0001609325408935547, 0.00013399124145507812, 0.0001308917999267578, 0.00012803077697753906, 0.00012993812561035156, 0.00012993812561035156, 0.00013113021850585938, 0.00012683868408203125, 0.00012612342834472656]}, "1000": {"load": [0.7477350234985352, 1.9983928203582764, 2.072571039199829, 2.1641781330108643, 2.1527929306030273, 2.3820478916168213, 2.135603904724121, 2.3647429943084717, 2.371825933456421, 2.2458910942077637], "filter": [0.0015869140625, 0.0010440349578857422, 0.0012850761413574219, 0.0014820098876953125, 0.001194000244140625, 0.0011909008026123047, 0.0009138584136962891, 0.0008718967437744141, 0.0007281303405761719, 0.0006039142608642578], "join": [0.7033350467681885, 0.7065958976745605, 0.6904911994934082, 0.6871700286865234, 0.6865921020507812, 0.6842257976531982, 0.6865239143371582, 0.6806771755218506, 0.6793670654296875, 0.6772358417510986], "select": [0.0036830902099609375, 0.0030450820922851562, 0.003062009811401367, 0.0040471553802490234, 0.004352092742919922, 0.0033969879150390625, 0.0031061172485351562, 0.0031099319458007812, 0.0030319690704345703, 0.0024399757385253906], "groupby_agg": [0.0012619495391845703, 0.0008139610290527344, 0.0010139942169189453, 0.0014529228210449219, 0.0012891292572021484, 0.0010471343994140625, 0.000949859619140625, 0.0009188652038574219, 0.0009400844573974609, 0.0007381439208984375]}}