{"10": {"load": [0.003062009811401367, 0.004467010498046875, 0.006492137908935547, 0.00489497184753418, 0.0033109188079833984, 0.0038750171661376953, 0.004961967468261719, 0.003219127655029297, 0.0031249523162841797, 0.003142118453979492], "filter": [0.000308990478515625, 0.00014495849609375, 0.00013208389282226562, 0.00012803077697753906, 0.00012803077697753906, 0.00015592575073242188, 0.00012803077697753906, 0.00012803077697753906, 0.0001289844512939453, 0.00012803077697753906], "select": [0.00020694732666015625, 0.00013303756713867188, 0.00012993812561035156, 0.0001239776611328125, 0.00011801719665527344, 0.00010991096496582031, 0.00010800361633300781, 0.00010800361633300781, 0.00010704994201660156, 0.0001068115234375], "groupby_agg": [0.0006380081176757812, 0.0002219676971435547, 0.0001919269561767578, 0.00019311904907226562, 0.00018906593322753906, 0.0001850128173828125, 0.0001800060272216797, 0.00017595291137695312, 0.00017404556274414062, 0.00017595291137695312]}, "10000000": {"load": [14.279156923294067, 29.41109585762024, 28.226635932922363, 30.812063932418823, 30.38988995552063, 31.615993976593018, 30.851218938827515, 33.68483209609985, 32.02863907814026, 39.70934796333313], "filter": [15.862550973892212, 14.95307207107544, 15.401407957077026, 15.263657093048096, 15.440486192703247, 15.100608110427856, 16.10406494140625, 14.884088039398193, 15.698840141296387, 15.102971076965332], "select": [8.577204942703247, 14.881486892700195, 15.7653169631958, 15.967398881912231, 15.699434041976929, 15.518199920654297, 16.04245686531067, 15.722141981124878, 15.425064086914062, 15.34563684463501], "groupby_agg": [15.197923183441162, 7.288196086883545, 11.905065059661865, 8.724315881729126, 9.793686866760254, 11.05781102180481, 8.33820104598999, 12.240192174911499, 6.441719055175781, 13.753966093063354]}, "10000": {"load": [0.1344010829925537, 0.05874514579772949, 0.034301042556762695, 0.03493094444274902, 0.047747135162353516, 0.04949212074279785, 0.03406500816345215, 0.033564090728759766, 0.0332181453704834, 0.05352497100830078], "filter": [0.004012107849121094, 0.004041910171508789, 0.00428009033203125, 0.0044269561767578125, 0.004033088684082031, 0.0039920806884765625, 0.003901958465576172, 0.003954172134399414, 0.0039520263671875, 0.003932952880859375], "select": [0.0054149627685546875, 0.005053997039794922, 0.00516819953918457, 0.004999876022338867, 0.005704164505004883, 0.005423069000244141, 0.005563020706176758, 0.005036830902099609, 0.0050029754638671875, 0.0049479007720947266], "groupby_agg": [0.004992008209228516, 0.004501819610595703, 0.004764080047607422, 0.004492044448852539, 0.004565000534057617, 0.00457000732421875, 0.00457000732421875, 0.004539012908935547, 0.004942893981933594, 0.005244016647338867]}, "1000000": {"load": [1.584162950515747, 3.327234983444214, 4.309580087661743, 3.1176509857177734, 4.230448007583618, 3.305238962173462, 3.3274948596954346, 3.855854034423828, 4.170513868331909, 4.478027820587158], "filter": [0.44497108459472656, 0.4293849468231201, 0.4323139190673828, 0.4493398666381836, 0.4290909767150879, 0.42934584617614746, 0.4202609062194824, 0.42290806770324707, 0.4239330291748047, 0.41962099075317383], "select": [0.527580976486206, 0.5140330791473389, 0.5165879726409912, 0.5111041069030762, 0.5121760368347168, 0.5098929405212402, 0.515192985534668, 0.5322799682617188, 0.5269098281860352, 0.5230681896209717], "groupby_agg": [0.5233039855957031, 0.489825963973999, 0.4893960952758789, 0.48962998390197754, 0.487407922744751, 0.4889490604400635, 0.486752986907959, 0.4897339344024658, 0.488239049911499, 0.49111294746398926]}, "100000": {"load": [0.11946797370910645, 0.5145838260650635, 0.5109608173370361, 0.5580708980560303, 0.48995304107666016, 0.6201438903808594, 0.5778238773345947, 0.5111889839172363, 0.5217528343200684, 0.5852608680725098], "filter": [0.04053306579589844, 0.041584014892578125, 0.03903484344482422, 0.04834318161010742, 0.048542022705078125, 0.04850292205810547, 0.048429012298583984, 0.039440155029296875, 0.03918004035949707, 0.03894186019897461], "select": [0.06128716468811035, 0.04592013359069824, 0.047534942626953125, 0.04842996597290039, 0.04928016662597656, 0.04964780807495117, 0.0457460880279541, 0.04506993293762207, 0.04558992385864258, 0.04561591148376465], "groupby_agg": [0.04767298698425293, 0.04810380935668945, 0.05626201629638672, 0.05576801300048828, 0.05659604072570801, 0.05241799354553223, 0.05608510971069336, 0.04865598678588867, 0.05614209175109863, 0.04842114448547363]}, "100": {"load": [0.015533208847045898, 0.054780006408691406, 0.039954185485839844, 0.04001498222351074, 0.040257930755615234, 0.04113197326660156, 0.040138959884643555, 0.11976099014282227, 0.009528875350952148, 0.008484125137329102], "filter": [0.0002779960632324219, 0.00014591217041015625, 0.00014495849609375, 0.000141143798828125, 0.00014090538024902344, 0.00014019012451171875, 0.00013899803161621094, 0.0001308917999267578, 0.00012993812561035156, 0.00012993812561035156], "select": [0.0007829666137695312, 0.0007178783416748047, 0.00047397613525390625, 0.0004620552062988281, 0.0004470348358154297, 0.0004458427429199219, 0.0004429817199707031, 0.0004639625549316406, 0.0004360675811767578, 0.00043487548828125], "groupby_agg": [0.0004799365997314453, 0.00019407272338867188, 0.00018095970153808594, 0.0001800060272216797, 0.00019407272338867188, 0.0001900196075439453, 0.0001671314239501953, 0.0001659393310546875, 0.0001628398895263672, 0.00016307830810546875]}, "1000": {"load": [0.004502058029174805, 0.010804891586303711, 0.012723922729492188, 0.011725902557373047, 0.011957883834838867, 0.012487173080444336, 0.013273954391479492, 0.01253509521484375, 0.01316380500793457, 0.015025854110717773], "filter": [0.0012769699096679688, 0.0009610652923583984, 0.0008909702301025391, 0.000888824462890625, 0.0008139610290527344, 0.0007510185241699219, 0.0007550716400146484, 0.0005950927734375, 0.0005950927734375, 0.000598907470703125], "select": [0.003225088119506836, 0.002747774124145508, 0.0018007755279541016, 0.0017900466918945312, 0.0017170906066894531, 0.0017261505126953125, 0.0017199516296386719, 0.0012309551239013672, 0.0011970996856689453, 0.0012509822845458984], "groupby_agg": [0.0009980201721191406, 0.0007469654083251953, 0.0007538795471191406, 0.0008690357208251953, 0.0006449222564697266, 0.0006630420684814453, 0.0008680820465087891, 0.0006699562072753906, 0.0006380081176757812, 0.0006170272827148438]}}