{"10": {"load": [0.004925966262817383, 0.004974842071533203, 0.005707979202270508, 0.00688481330871582, 0.006288051605224609, 0.006175994873046875, 0.00671696662902832, 0.007294178009033203, 0.006593942642211914, 0.006972074508666992], "filter": [0.0006580352783203125, 0.0004019737243652344, 0.00027298927307128906, 0.00037097930908203125, 0.00037598609924316406, 0.0003731250762939453, 0.000370025634765625, 0.00037789344787597656, 0.00033402442932128906, 0.0003230571746826172], "join": [0.0008959770202636719, 0.0006799697875976562, 0.0006530284881591797, 0.0005919933319091797, 0.0006439685821533203, 0.0006330013275146484, 0.0006308555603027344, 0.0006310939788818359, 0.0006260871887207031, 0.0006959438323974609], "select": [0.0004439353942871094, 0.00041103363037109375, 0.0004329681396484375, 0.0004298686981201172, 0.0003719329833984375, 0.00044608116149902344, 0.0004470348358154297, 0.00032901763916015625, 0.00031495094299316406, 0.00040602684020996094], "groupby_agg": [0.0011641979217529297, 0.0004978179931640625, 0.0005021095275878906, 0.0004889965057373047, 0.0004940032958984375, 0.0004799365997314453, 0.0004799365997314453, 0.000476837158203125, 0.0004799365997314453, 0.0005011558532714844]}, "10000000": {"load": [18.183562994003296, 55.8474440574646, 57.7908980846405, 68.49431991577148, 68.8059389591217, 74.65825700759888, 85.2213089466095, 79.59375596046448, 76.57251191139221, 80.867262840271], "filter": [14.177316904067993, 14.52367901802063, 14.202704906463623, 14.01278305053711, 14.252904176712036, 14.412032127380371, 14.27411699295044, 14.02999210357666, 14.137691020965576, 14.756510019302368], "join": [78.93111300468445, 78.2233579158783, 72.53968286514282, 69.75748705863953, 69.75980997085571, 70.46983313560486, 71.78826189041138, 71.58125519752502, 70.29257702827454, 71.26307082176208], "select": [14.932138919830322, 16.130455017089844, 15.366182088851929, 15.292021989822388, 16.495369911193848, 16.07632088661194, 14.92422103881836, 14.97342300415039, 15.025590896606445, 15.033565044403076], "groupby_agg": [15.416254997253418, 15.208329200744629, 15.559165954589844, 15.503173112869263, 15.243430137634277, 15.18983006477356, 15.304067850112915, 15.252760887145996, 15.402211904525757, 15.203962087631226]}, "10000": {"load": [0.0269320011138916, 0.0634160041809082, 0.07796812057495117, 0.07084202766418457, 0.057470083236694336, 0.05517292022705078, 0.06830096244812012, 0.10319805145263672, 0.07532501220703125, 0.06918191909790039], "filter": [0.0048029422760009766, 0.004101991653442383, 0.004063844680786133, 0.0040471553802490234, 0.0040149688720703125, 0.0040628910064697266, 0.0043680667877197266, 0.004736900329589844, 0.004291057586669922, 0.004099130630493164], "join": [0.03238081932067871, 0.03264498710632324, 0.03155016899108887, 0.03151106834411621, 0.03172898292541504, 0.03148508071899414, 0.03011298179626465, 0.0316920280456543, 0.031542062759399414, 0.029681921005249023], "select": [0.01402592658996582, 0.015023946762084961, 0.010420799255371094, 0.0072557926177978516, 0.005820035934448242, 0.005220890045166016, 0.005228996276855469, 0.005922079086303711, 0.004781007766723633, 0.004684925079345703], "groupby_agg": [0.005488872528076172, 0.0059430599212646484, 0.0051310062408447266, 0.005075216293334961, 0.005283832550048828, 0.0049839019775390625, 0.004910945892333984, 0.004934072494506836, 0.004976987838745117, 0.0051000118255615234]}, "1000000": {"load": [2.3675520420074463, 4.7515318393707275, 4.766698837280273, 5.2407448291778564, 4.777827024459839, 5.732563018798828, 5.152024030685425, 5.292530059814453, 5.202439069747925, 5.10564398765564], "filter": [0.5455830097198486, 0.4585261344909668, 0.45654797554016113, 0.46225810050964355, 0.45711708068847656, 0.4644899368286133, 0.47808194160461426, 0.4574470520019531, 0.4546170234680176, 0.456118106842041], "join": [3.96382999420166, 3.9669649600982666, 4.026458978652954, 3.878627061843872, 3.8829450607299805, 3.9023690223693848, 3.884464979171753, 3.886730909347534, 3.88649582862854, 3.8717949390411377], "select": [0.5960299968719482, 0.5434179306030273, 0.5580248832702637, 0.5510358810424805, 0.559251070022583, 0.5617470741271973, 0.5848469734191895, 0.5859379768371582, 0.5532839298248291, 0.5836119651794434], "groupby_agg": [0.5572531223297119, 0.5575358867645264, 0.5532491207122803, 0.554171085357666, 0.5509800910949707, 0.5490319728851318, 0.5444600582122803, 0.5501370429992676, 0.5554451942443848, 0.5472149848937988]}, "100000": {"load": [0.20645594596862793, 0.5046939849853516, 0.5174169540405273, 0.5527439117431641, 0.6137988567352295, 0.6750149726867676, 0.5233039855957031, 0.5962269306182861, 0.6252059936523438, 0.5786910057067871], "filter": [0.03990292549133301, 0.03932499885559082, 0.03928399085998535, 0.039218902587890625, 0.04590010643005371, 0.04009199142456055, 0.039750099182128906, 0.04028892517089844, 0.039422035217285156, 0.039724111557006836], "join": [0.3607769012451172, 0.3515028953552246, 0.35021495819091797, 0.35843706130981445, 0.35436296463012695, 0.3735840320587158, 0.36327505111694336, 0.35086822509765625, 0.35225605964660645, 0.35096287727355957], "select": [0.08114004135131836, 0.04677414894104004, 0.05652308464050293, 0.04727602005004883, 0.05580306053161621, 0.04704999923706055, 0.05615401268005371, 0.04655790328979492, 0.046957969665527344, 0.046504974365234375], "groupby_agg": [0.051676034927368164, 0.04957103729248047, 0.06086897850036621, 0.06142997741699219, 0.061460018157958984, 0.06145191192626953, 0.06118607521057129, 0.06139206886291504, 0.05808210372924805, 0.06130099296569824]}, "100": {"load": [0.004879951477050781, 0.005872964859008789, 0.006573915481567383, 0.00705409049987793, 0.007147073745727539, 0.0070171356201171875, 0.007565975189208984, 0.007695198059082031, 0.008717060089111328, 0.008356094360351562], "filter": [0.0006310939788818359, 0.0005950927734375, 0.0005879402160644531, 0.0006089210510253906, 0.0005199909210205078, 0.0005040168762207031, 0.0005838871002197266, 0.0006000995635986328, 0.00061798095703125, 0.0006098747253417969], "join": [0.0018260478973388672, 0.0015499591827392578, 0.0014760494232177734, 0.001619100570678711, 0.0015039443969726562, 0.0014791488647460938, 0.0014851093292236328, 0.0011811256408691406, 0.0010051727294921875, 0.0010259151458740234], "select": [0.0006229877471923828, 0.0005970001220703125, 0.0005869865417480469, 0.0005280971527099609, 0.0006091594696044922, 0.0006990432739257812, 0.0004949569702148438, 0.0005948543548583984, 0.0005130767822265625, 0.0005588531494140625], "groupby_agg": [0.0013649463653564453, 0.0007150173187255859, 0.0007641315460205078, 0.0007681846618652344, 0.0006721019744873047, 0.0006151199340820312, 0.0005600452423095703, 0.0007967948913574219, 0.0007700920104980469, 0.0007650852203369141]}, "1000": {"load": [0.007117033004760742, 0.009536981582641602, 0.009326934814453125, 0.010383129119873047, 0.010230064392089844, 0.009753942489624023, 0.01161813735961914, 0.022656917572021484, 0.016151905059814453, 0.013705968856811523], "filter": [0.0008480548858642578, 0.000698089599609375, 0.0006840229034423828, 0.0006880760192871094, 0.0005478858947753906, 0.0005640983581542969, 0.0005519390106201172, 0.0005509853363037109, 0.0005540847778320312, 0.0005512237548828125], "join": [0.003117084503173828, 0.0029730796813964844, 0.0029020309448242188, 0.0028388500213623047, 0.0030281543731689453, 0.0030279159545898438, 0.0031328201293945312, 0.0031180381774902344, 0.003776073455810547, 0.003515005111694336], "select": [0.0011279582977294922, 0.0009551048278808594, 0.0008897781372070312, 0.0008480548858642578, 0.0008358955383300781, 0.0008499622344970703, 0.0008349418640136719, 0.0008330345153808594, 0.0008320808410644531, 0.0008289813995361328],