{"10": {"load": [0.0027129650115966797, 0.003910064697265625, 0.003631114959716797, 0.0029439926147460938, 0.003729104995727539, 0.0035979747772216797, 0.003721952438354492, 0.003715991973876953, 0.0035049915313720703, 0.0034940242767333984], "filter": [0.00045299530029296875, 0.00021696090698242188, 0.0002048015594482422, 0.00019288063049316406, 0.00019216537475585938, 0.00019812583923339844, 0.00019288063049316406, 0.00019097328186035156, 0.0001900196075439453, 0.00019812583923339844], "select": [0.00037598609924316406, 0.00022292137145996094, 0.0002009868621826172, 0.00018906593322753906, 0.00020599365234375, 0.00017714500427246094, 0.00016999244689941406, 0.0001678466796875, 0.0001690387725830078, 0.00016188621520996094], "groupby_agg": [0.0010669231414794922, 0.0003561973571777344, 0.00033211708068847656, 0.0003211498260498047, 0.0003299713134765625, 0.00030994415283203125, 0.00030684471130371094, 0.00030493736267089844, 0.00030493736267089844, 0.0003058910369873047]}, "10000000": {"load": [9.673842906951904, 28.325037002563477, 24.30371904373169, 25.804463863372803, 25.09928798675537, 26.08134698867798, 26.78120994567871, 25.985295057296753, 28.806774139404297, 32.30311298370361], "filter": [15.024025917053223, 14.579758167266846, 14.591048955917358, 6.4933061599731445, 11.111976861953735, 11.226704835891724, 5.018404960632324, 4.572448968887329, 4.579316139221191, 4.623294115066528], "select": [13.550295114517212, 6.253774166107178, 14.473798990249634, 16.56029510498047, 15.219305038452148, 15.392733097076416, 15.257520198822021, 16.04839301109314, 15.394320011138916, 15.681379079818726], "groupby_agg": [5.525049924850464, 5.457437992095947, 5.473889112472534, 5.435054063796997, 5.452023983001709, 5.438796043395996, 5.425369024276733, 5.428100824356079, 5.468942880630493, 5.439643859863281]}, "10000": {"load": [0.014088869094848633, 0.026768207550048828, 0.028358936309814453, 0.04029107093811035, 0.029119014739990234, 0.029188871383666992, 0.029473066329956055, 0.0307619571685791, 0.031158924102783203, 0.031965017318725586], "filter": [0.004214048385620117, 0.003923892974853516, 0.0038330554962158203, 0.0037300586700439453, 0.003920078277587891, 0.003701925277709961, 0.003881216049194336, 0.00397181510925293, 0.0038390159606933594, 0.0038750171661376953], "select": [0.014043807983398438, 0.014065980911254883, 0.011246919631958008, 0.007870197296142578, 0.006327152252197266, 0.0051538944244384766, 0.005140781402587891, 0.00509190559387207, 0.005082130432128906, 0.005059957504272461], "groupby_agg": [0.00533604621887207, 0.004899024963378906, 0.005048036575317383, 0.004904031753540039, 0.0047168731689453125, 0.004765987396240234, 0.004800081253051758, 0.004893064498901367, 0.004951000213623047, 0.004878997802734375]}, "1000000": {"load": [1.075098991394043, 2.401412010192871, 2.477168083190918, 2.547034978866577, 2.433837890625, 3.149716854095459, 3.6598961353302, 3.6299171447753906, 3.7415859699249268, 3.002108097076416], "filter": [0.42927002906799316, 0.4235248565673828, 0.4272630214691162, 0.4257700443267822, 0.42469000816345215, 0.4240601062774658, 0.4278531074523926, 0.4267740249633789, 0.42398715019226074, 0.42709898948669434], "select": [0.5449850559234619, 0.5209050178527832, 0.5219900608062744, 0.5386450290679932, 0.5218079090118408, 0.5142982006072998, 0.5173499584197998, 0.5258049964904785, 0.5418550968170166, 0.5312318801879883], "groupby_agg": [0.5236220359802246, 0.5205979347229004, 0.5508050918579102, 0.526216983795166, 0.5179879665374756, 0.5162091255187988, 0.5282320976257324, 0.5187849998474121, 0.5150408744812012, 0.5163521766662598]}, "100000": {"load": [0.1078650951385498, 0.2516179084777832, 0.21181583404541016, 0.25279688835144043, 0.22070717811584473, 0.23703789710998535, 0.28421688079833984, 0.2889118194580078, 0.23438405990600586, 0.24904084205627441], "filter": [0.03970599174499512, 0.0393061637878418, 0.03842806816101074, 0.04222393035888672, 0.03960108757019043, 0.047892093658447266, 0.048573970794677734, 0.04870200157165527, 0.048645973205566406, 0.04843306541442871], "select": [0.07372808456420898, 0.0546870231628418, 0.05357003211975098, 0.055477142333984375, 0.05520915985107422, 0.055677175521850586, 0.05461311340332031, 0.05505013465881348, 0.051229000091552734, 0.04579591751098633], "groupby_agg": [0.0510249137878418, 0.0496671199798584, 0.048509836196899414, 0.04847598075866699, 0.048898935317993164, 0.047988176345825195, 0.04952692985534668, 0.04831409454345703, 0.047586917877197266, 0.047625064849853516]}, "100": {"load": [0.0021920204162597656, 0.0032341480255126953, 0.003142833709716797, 0.0030651092529296875, 0.0028409957885742188, 0.002785921096801758, 0.0042400360107421875, 0.003773927688598633, 0.0036830902099609375, 0.003927946090698242], "filter": [0.0004971027374267578, 0.0003809928894042969, 0.0003719329833984375, 0.00035691261291503906, 0.0003688335418701172, 0.0003650188446044922, 0.000370025634765625, 0.0003650188446044922, 0.00036907196044921875, 0.00033092498779296875], "select": [0.0004520416259765625, 0.0004341602325439453, 0.0004360675811767578, 0.0004589557647705078, 0.00043582916259765625, 0.000431060791015625, 0.00043392181396484375, 0.00040221214294433594, 0.0002689361572265625, 0.0002639293670654297], "groupby_agg": [0.0008389949798583984, 0.00034499168395996094, 0.0003650188446044922, 0.0005109310150146484, 0.0005109310150146484, 0.00051116943359375, 0.0005059242248535156, 0.00041294097900390625, 0.0003199577331542969, 0.00031185150146484375]}, "1000": {"load": [0.0035049915313720703, 0.005769968032836914, 0.005990028381347656, 0.0058062076568603516, 0.005724191665649414, 0.0060617923736572266, 0.006475925445556641, 0.006067037582397461, 0.006471157073974609, 0.006062030792236328], "filter": [0.0005199909210205078, 0.0004229545593261719, 0.00041794776916503906, 0.0004119873046875, 0.00040984153747558594, 0.0004100799560546875, 0.0004100799560546875, 0.00041103363037109375, 0.0004150867462158203, 0.00041294097900390625], "select": [0.0006811618804931641, 0.0006580352783203125, 0.0006711483001708984, 0.0005838871002197266, 0.0005540847778320312, 0.0005290508270263672, 0.0005199909210205078, 0.0005040168762207031, 0.0005009174346923828, 0.0005199909210205078], "groupby_agg": [0.0007920265197753906, 0.0006079673767089844, 0.0005500316619873047, 0.0005459785461425781, 0.0005440711975097656, 0.0005500316619873047, 0.0005440711975097656, 0.0005438327789306641, 0.0005400180816650391, 0.0005400180816650391]}}