{"10": {"load": [0.0030269622802734375, 0.003231048583984375, 0.0033910274505615234, 0.0031409263610839844, 0.003304004669189453, 0.003392934799194336, 0.0032608509063720703, 0.0023779869079589844, 0.0036211013793945312, 0.0031681060791015625], "filter": [0.0004341602325439453, 0.0001621246337890625, 0.00017499923706054688, 0.0001480579376220703, 0.00013685226440429688, 0.00010395050048828125, 0.0001010894775390625, 0.00010013580322265625, 0.00011491775512695312, 0.00010204315185546875], "select": [0.0003440380096435547, 0.00014495849609375, 0.0002219676971435547, 0.0003268718719482422, 0.0003268718719482422, 0.0003268718719482422, 0.00032901763916015625, 0.00032806396484375, 0.00032901763916015625, 0.0002980232238769531], "groupby_agg": [0.0006611347198486328, 0.0002040863037109375, 0.00017786026000976562, 0.00023412704467773438, 0.00021409988403320312, 0.0002009868621826172, 0.00020003318786621094, 0.00019502639770507812, 0.00019598007202148438, 0.00016498565673828125]}, "10000000": {"load": [10.203557014465332, 27.255452156066895, 28.630462884902954, 25.310587167739868, 28.473642826080322, 26.10032296180725, 28.85999894142151, 27.064969062805176, 26.73452091217041, 31.688529014587402], "filter": [5.1652991771698, 6.612986087799072, 4.6501641273498535, 4.6508588790893555, 4.773310899734497, 4.822497129440308, 5.069447994232178, 4.858788967132568, 4.971900939941406, 4.828107833862305], "select": [8.645581007003784, 10.084048986434937, 5.887398958206177, 6.002113103866577, 5.855478048324585, 5.813021898269653, 5.867716073989868, 5.828888177871704, 5.805027008056641, 5.975083827972412], "groupby_agg": [5.706475019454956, 5.573019027709961, 5.8232550621032715, 5.757641077041626, 5.700484991073608, 5.704616069793701, 5.933111906051636, 6.440612077713013, 5.806355953216553, 5.40229606628418]}, "10000": {"load": [0.02059793472290039, 0.03693509101867676, 0.03011608123779297, 0.035455942153930664, 0.029799938201904297, 0.04256319999694824, 0.02882695198059082, 0.030375957489013672, 0.0327601432800293, 0.029952049255371094], "filter": [0.004277944564819336, 0.00403285026550293, 0.0041239261627197266, 0.004251956939697266, 0.004335880279541016, 0.004370927810668945, 0.004355192184448242, 0.004342794418334961, 0.004686832427978516, 0.004171133041381836], "select": [0.005064964294433594, 0.005587100982666016, 0.005444049835205078, 0.0050029754638671875, 0.00541996955871582, 0.004949092864990234, 0.004801034927368164, 0.004812955856323242, 0.0048351287841796875, 0.004857063293457031], "groupby_agg": [0.0057621002197265625, 0.005764007568359375, 0.0062711238861083984, 0.00683283805847168, 0.00533294677734375, 0.005235910415649414, 0.0055119991302490234, 0.005206108093261719, 0.0051860809326171875, 0.005467891693115234]}, "1000000": {"load": [1.06992506980896, 2.5248420238494873, 2.642426013946533, 3.343108892440796, 2.6905899047851562, 2.7061450481414795, 3.0684590339660645, 3.28289794921875, 2.9000051021575928, 3.0640859603881836], "filter": [0.4351041316986084, 0.42421603202819824, 0.42452502250671387, 0.42760205268859863, 0.43193507194519043, 0.42862701416015625, 0.42518091201782227, 0.43131279945373535, 0.425307035446167, 0.43117809295654297], "select": [0.6517610549926758, 0.5880329608917236, 0.5556330680847168, 0.5291481018066406, 0.5335860252380371, 0.529271125793457, 0.5135490894317627, 0.5201458930969238, 0.5193910598754883, 0.5359981060028076], "groupby_agg": [0.5501928329467773, 0.5427689552307129, 0.5441300868988037, 0.5276851654052734, 0.5364809036254883, 0.5592310428619385, 0.5509278774261475, 0.5378570556640625, 0.533350944519043, 0.5250749588012695]}, "100000": {"load": [0.11823916435241699, 0.2923238277435303, 0.2501351833343506, 0.2936229705810547, 0.2772538661956787, 0.2741208076477051, 0.2538459300994873, 0.2925407886505127, 0.5136120319366455, 0.5356249809265137], "filter": [0.039453983306884766, 0.04099607467651367, 0.03951311111450195, 0.03961992263793945, 0.04085111618041992, 0.04845094680786133, 0.049021005630493164, 0.040808916091918945, 0.04849720001220703, 0.048850059509277344], "select": [0.07454395294189453, 0.054817914962768555, 0.04665088653564453, 0.047988176345825195, 0.055396080017089844, 0.04897308349609375, 0.05541086196899414, 0.04977107048034668, 0.05327796936035156, 0.04591512680053711], "groupby_agg": [0.05144691467285156, 0.04937481880187988, 0.04910898208618164, 0.050768136978149414, 0.05635404586791992, 0.05292701721191406, 0.04940509796142578, 0.05934405326843262, 0.0598599910736084, 0.05978107452392578]}, "100": {"load": [0.003612041473388672, 0.0033028125762939453, 0.0024089813232421875, 0.003225088119506836, 0.0037071704864501953, 0.0032339096069335938, 0.0029730796813964844, 0.0034279823303222656, 0.0030698776245117188, 0.0033299922943115234], "filter": [0.00020503997802734375, 0.00011587142944335938, 8.20159912109375e-05, 7.891654968261719e-05, 7.891654968261719e-05, 7.891654968261719e-05, 7.82012939453125e-05, 7.700920104980469e-05, 7.796287536621094e-05, 7.700920104980469e-05], "select": [0.0002429485321044922, 0.00030493736267089844, 0.0002391338348388672, 0.00023412704467773438, 0.0002410411834716797, 0.0001990795135498047, 0.00011396408081054688, 8.20159912109375e-05, 0.00010991096496582031, 0.00010704994201660156], "groupby_agg": [0.00037097930908203125, 0.00013399124145507812, 0.0001270771026611328, 0.0001220703125, 0.0001480579376220703, 0.0001468658447265625, 0.00011897087097167969, 0.00011801719665527344, 0.000164031982421875, 0.00014710426330566406]}, "1000": {"load": [0.003782033920288086, 0.005287885665893555, 0.004925966262817383, 0.005077838897705078, 0.005023002624511719, 0.005280971527099609, 0.009559869766235352, 0.0069849491119384766, 0.0062100887298583984, 0.009514093399047852], "filter": [0.0009398460388183594, 0.0006911754608154297, 0.0007369518280029297, 0.0006101131439208984, 0.0004849433898925781, 0.0005729198455810547, 0.0005381107330322266, 0.00045800209045410156, 0.0004439353942871094, 0.00043582916259765625], "select": [0.001920938491821289, 0.0011148452758789062, 0.0007479190826416016, 0.0006909370422363281, 0.0006921291351318359, 0.000675201416015625, 0.0007500648498535156, 0.0007159709930419922, 0.0007948875427246094, 0.0010559558868408203], "groupby_agg": [0.0008800029754638672, 0.0006129741668701172, 0.0006191730499267578, 0.0006279945373535156, 0.0005981922149658203, 0.0006039142608642578, 0.0005910396575927734, 0.0006020069122314453, 0.0005888938903808594, 0.0005929470062255859]}}